{"ce_loss": [2.2996081086722286, 2.2036733532493766, 1.9216957745904273, 1.784367806870829, 1.6623389141803437], "val_ce_loss": [2.2922033429145814, 2.018879619240761, 1.831900179386139, 1.704833260178566, 1.5970197170972824], "accuracy": [0.1169581557624042, 0.19524838225069371, 0.31407335070385173, 0.36084970798004756, 0.39840050896799023], "val_accuracy": [0.13125, 0.2783203125, 0.3392578125, 0.3833984375, 0.4203125]}