{"ce_loss": [1.8390665833245625, 1.2564969227056613, 0.9684682696719061, 0.7738405525345694, 0.6147226926616647, 0.46843056016686285, 0.3482831159013916, 0.2547805705954405, 0.1684159901501103, 0.1083236869996075, 0.06116141900102692, 0.04118015360489318, 0.024014373558615756, 0.015463637697394006, 0.011917719028794883, 0.009812043631840921, 0.00921153352431826, 0.008621860161921095, 0.008069953559739091, 0.007754488464508375], "val_ce_loss": [1.4187237322330475, 1.1536023184657096, 0.998253470659256, 0.8431564494967461, 0.9012116983532905, 0.9358971431851387, 1.029937505722046, 0.931665726006031, 1.0354155838489532, 0.9987750634551048, 0.987928856909275, 0.9872285932302475, 0.9559960797429085, 0.9734485760331154, 0.9654007196426392, 0.970220898091793, 0.9723541766405106, 0.9691914722323418, 0.9783917769789696, 0.9815245345234871], "accuracy": [0.29972823946313426, 0.544243706559593, 0.6563659051263874, 0.7307794744318182, 0.7895285866477273, 0.8425243647599762, 0.8826324770396407, 0.9170168482444503, 0.9468094025823203, 0.968804253434593, 0.9849150687117468, 0.9904834477400238, 0.9962491122159091, 0.9986905184659091, 0.9992231889204546, 0.9997114701704546, 0.9996226917613636, 0.999755859375, 0.9998446377840909, 0.9998446377840909], "val_accuracy": [0.476171875, 0.5875, 0.6431640625, 0.702734375, 0.7154296875, 0.71796875, 0.7115234375, 0.7478515625, 0.7357421875, 0.7537109375, 0.7638671875, 0.769921875, 0.775390625, 0.7794921875, 0.7845703125, 0.78515625, 0.786328125, 0.7826171875, 0.7828125, 0.7853515625], "lr": [[0.0009000000000000001], [0.0008100000000000001], [0.000729], [0.0006561000000000001], [0.00059049], [0.000531441], [0.0004782969], [0.00043046721], [0.000387420489], [0.0003486784401], [0.00031381059609000004], [0.00028242953648100003], [0.00025418658283290005], [0.00022876792454961005], [0.00020589113209464906], [0.00018530201888518417], [0.00016677181699666576], [0.0001500946352969992], [0.0001350851717672993], [0.00012157665459056936]]}